filename,PCAError,MDSError,SammonError,PCATime,MDSTime,SammonTime
2013-1,0.380182276481,7.60262138584,1.05552122665,0.5655033588409424,15.678128957748413,344.69172525405884
